{"80204_8": 0.29807692307700001, "80204_9": 0.46534653465300002, "80202_1": 0.24409448818900001, "80202_6": 0.36229205175599999, "80202_7": 0.44386873920599995, "80202_4": 0.46666666666699996, "80202_3": 0.28909952606600003, "80204_1": 0.296703296703, "80202_8": 0.317813765182, "80204_3": 0.40322580645200001, "80204_4": 0.348484848485, "80204_5": 0.27167630057799996, "80204_6": 0.45679012345700004, "80204_7": 0.49056603773599999, "80203_9": 0.15789473684200001, "80207_10": 0.031347962382400001, "80203_3": 0.18383311603700001, "80203_2": 0.48993288590599998, "80203_7": 0.217741935484, "80203_6": 0.29179331306999995, "80203_5": 0.16233766233799998, "80203_4": 0.21428571428599999, "80211_6": 0.35193133047200004, "80211_4": 0.42710472279299999, "80211_5": 0.44703143189800004, "80211_2": 0.26160337552700003, "80211_3": 0.52173913043499998, "80211_1": 0.45251396648000003, "80202_5": 0.40613718411600003, "80206_6": 0.020172910662799998, "80203_10": 0.19607843137299999, "81102_9": 0.46376811594200001, "80202_10": 0.480569948187, "80202_9": 0.40983606557400004, "80204_2": 0.26717557251899998, "81102_2": 0.255591054313, "81102_3": 0.40557939914200003, "81102_1": 0.51482479784400004, "81102_6": 0.47741935483900005, "81102_7": 0.29931972789099998, "81102_4": 0.27710843373499999, "81102_5": 0.55737704918000008, "81102_8": 0.265734265734, "80206_7": 0.013333333333299998, "80206_4": 0.026785714285700001, "80209_5": 0.090247452692900007, "80209_4": 0.087499999999999994, "80209_7": 0.378431372549, "80209_6": 0.39456662354500005, "80208_8": 0.4375, "80207_6": 0.029702970297, "80209_2": 0.20016406890900001, "80206_2": 0.037499999999999999, "80202_2": 0.38657407407399996, "81111_5": 0.26955201214899999, "80209_9": 0.13624678663200002, "80209_8": 0.20450606585799999, "80206_3": 0.0077519379845000002, "81111_6": 0.39595375722499998, "81111_7": 0.28439922480599999, "81111_4": 0.33677153171700003, "80206_5": 0.024271844660200003, "81111_2": 0.33011049723800001, "81111_3": 0.236074270557, "81111_1": 0.27570093457899997, "80206_1": 0.0069930069930100001, "80201_1": 0.082474226804100007, "81111_8": 0.38684503901900003, "80203_8": 0.49034749034699998, "80207_9": 0.0184426229508, "80207_8": 0.033980582524300001, "80207_7": 0.07012987012989999, "80209_1": 0.068965517241400001, "80207_5": 0.0182481751825, "80207_4": 0.014705882352899999, "80209_3": 0.083629893238399991, "80207_2": 0.0103092783505, "80207_1": 0.048458149779699991}